create table gcs_tb_1(c1 int not null primary key auto_increment,
c2 varchar(128) not null default 'aa',
c3 char(24),
c4 int not null default 1,
c5 blob,
c6 timestamp,
key idx(c2,c3,c4)) engine=innodb row_format=gcs charset=utf8;
show create table gcs_tb_1;
Table	Create Table
gcs_tb_1	CREATE TABLE `gcs_tb_1` (
  `c1` int(11) NOT NULL AUTO_INCREMENT,
  `c2` varchar(128) NOT NULL DEFAULT 'aa',
  `c3` char(24) DEFAULT NULL,
  `c4` int(11) NOT NULL DEFAULT '1',
  `c5` blob,
  `c6` timestamp NOT NULL DEFAULT CURRENT_TIMESTAMP ON UPDATE CURRENT_TIMESTAMP,
  PRIMARY KEY (`c1`),
  KEY `idx` (`c2`,`c3`,`c4`)
) ENGINE=InnoDB DEFAULT CHARSET=utf8 /*!99000 ROW_FORMAT=GCS */ 
create table gcs_tb_2(c1 int not null primary key auto_increment,
c2 varchar(128) not null default 'aa',
c3 char(24),
c4 int not null default 1,
c5 blob,
c6 timestamp,
key idx(c2,c3,c4)) engine=innodb row_format=compact charset=latin1;
show create table gcs_tb_2;
Table	Create Table
gcs_tb_2	CREATE TABLE `gcs_tb_2` (
  `c1` int(11) NOT NULL AUTO_INCREMENT,
  `c2` varchar(128) NOT NULL DEFAULT 'aa',
  `c3` char(24) DEFAULT NULL,
  `c4` int(11) NOT NULL DEFAULT '1',
  `c5` blob,
  `c6` timestamp NOT NULL DEFAULT CURRENT_TIMESTAMP ON UPDATE CURRENT_TIMESTAMP,
  PRIMARY KEY (`c1`),
  KEY `idx` (`c2`,`c3`,`c4`)
) ENGINE=InnoDB DEFAULT CHARSET=latin1 ROW_FORMAT=COMPACT
create table gcs_many_column(
c_1 int,
c_2 int,
c_3 int,
c_4 int,
c_5 int,
c_6 int,
c_7 int,
c_8 int,
c_9 int,
c_10 int,
c_11 int,
c_12 int,
c_13 int,
c_14 int,
c_15 int,
c_16 int,
c_17 int,
c_18 int,
c_19 int,
c_20 int,
c_21 int,
c_22 int,
c_23 int,
c_24 int,
c_25 int,
c_26 int,
c_27 int,
c_28 int,
c_29 int,
c_30 int,
c_31 int,
c_32 int,
c_33 int,
c_34 int,
c_35 int,
c_36 int,
c_37 int,
c_38 int,
c_39 int,
c_40 int,
c_41 int,
c_42 int,
c_43 int,
c_44 int,
c_45 int,
c_46 int,
c_47 int,
c_48 int,
c_49 int,
c_50 int,
c_51 int,
c_52 int,
c_53 int,
c_54 int,
c_55 int,
c_56 int,
c_57 int,
c_58 int,
c_59 int,
c_60 int,
c_61 int,
c_62 int,
c_63 int,
c_64 int,
c_65 int,
c_66 int,
c_67 int,
c_68 int,
c_69 int,
c_70 int,
c_71 int,
c_72 int,
c_73 int,
c_74 int,
c_75 int,
c_76 int,
c_77 int,
c_78 int,
c_79 int,
c_80 int,
c_81 int,
c_82 int,
c_83 int,
c_84 int,
c_85 int,
c_86 int,
c_87 int,
c_88 int,
c_89 int,
c_90 int,
c_91 int,
c_92 int,
c_93 int,
c_94 int,
c_95 int,
c_96 int,
c_97 int,
c_98 int,
c_99 int,
c_100 int,
c_101 int,
c_102 int,
c_103 int,
c_104 int,
c_105 int,
c_106 int,
c_107 int,
c_108 int,
c_109 int,
c_110 int,
c_111 int,
c_112 int,
c_113 int,
c_114 int,
c_115 int,
c_116 int,
c_117 int,
c_118 int,
c_119 int,
c_120 int,
c_121 int,
c_122 int,
c_123 int,
c_124 int,
c_125 int,
c_126 int,
c_127 int) row_format=gcs engine=innodb;
create table compact_many_column_normal(
c_1 int,
c_2 int,
c_3 int,
c_4 int,
c_5 int,
c_6 int,
c_7 int,
c_8 int,
c_9 int,
c_10 int,
c_11 int,
c_12 int,
c_13 int,
c_14 int,
c_15 int,
c_16 int,
c_17 int,
c_18 int,
c_19 int,
c_20 int,
c_21 int,
c_22 int,
c_23 int,
c_24 int,
c_25 int,
c_26 int,
c_27 int,
c_28 int,
c_29 int,
c_30 int,
c_31 int,
c_32 int,
c_33 int,
c_34 int,
c_35 int,
c_36 int,
c_37 int,
c_38 int,
c_39 int,
c_40 int,
c_41 int,
c_42 int,
c_43 int,
c_44 int,
c_45 int,
c_46 int,
c_47 int,
c_48 int,
c_49 int,
c_50 int,
c_51 int,
c_52 int,
c_53 int,
c_54 int,
c_55 int,
c_56 int,
c_57 int,
c_58 int,
c_59 int,
c_60 int,
c_61 int,
c_62 int,
c_63 int,
c_64 int,
c_65 int,
c_66 int,
c_67 int,
c_68 int,
c_69 int,
c_70 int,
c_71 int,
c_72 int,
c_73 int,
c_74 int,
c_75 int,
c_76 int,
c_77 int,
c_78 int,
c_79 int,
c_80 int,
c_81 int,
c_82 int,
c_83 int,
c_84 int,
c_85 int,
c_86 int,
c_87 int,
c_88 int,
c_89 int,
c_90 int,
c_91 int,
c_92 int,
c_93 int,
c_94 int,
c_95 int,
c_96 int,
c_97 int,
c_98 int,
c_99 int,
c_100 int,
c_101 int,
c_102 int,
c_103 int,
c_104 int,
c_105 int,
c_106 int,
c_107 int,
c_108 int,
c_109 int,
c_110 int,
c_111 int,
c_112 int,
c_113 int,
c_114 int,
c_115 int,
c_116 int,
c_117 int,
c_118 int,
c_119 int,
c_120 int,
c_121 int,
c_122 int,
c_123 int,
c_124 int,
c_125 int,
c_126 int,
c_127 int) row_format=compact engine=innodb;
alter table gcs_many_column add column( c_128 int,c_129 int,c_130 int);
alter table compact_many_column_normal add column( c_128 int,c_129 int,c_130 int);
select @a:=1;
@a:=1
1
insert into gcs_many_column set c_130=@a;
insert into gcs_many_column(c_130) select @a:=@a+1 from gcs_many_column;
insert into gcs_many_column(c_130) select @a:=@a+1 from gcs_many_column;
insert into gcs_many_column(c_130) select @a:=@a+1 from gcs_many_column;
insert into gcs_many_column(c_130) select @a:=@a+1 from gcs_many_column;
insert into gcs_many_column(c_130) select @a:=@a+1 from gcs_many_column;
insert into gcs_many_column(c_130) select @a:=@a+1 from gcs_many_column;
insert into gcs_many_column(c_130) select @a:=@a+1 from gcs_many_column;
insert into gcs_many_column(c_130) select @a:=@a+1 from gcs_many_column;
select count(c_130),count(c_1) from gcs_many_column ;
count(c_130)	count(c_1)
256	0
alter table gcs_many_column drop column c_1;
alter table gcs_many_column drop column c_2;
alter table gcs_many_column drop column c_3;
alter table gcs_many_column drop column c_4;
alter table gcs_many_column drop column c_5;
alter table gcs_many_column drop column c_6;
select count(c_130),count(c_127) from gcs_many_column ;
count(c_130)	count(c_127)
256	0
select count(c_130) from gcs_many_column ;
count(c_130)
256
update gcs_many_column set c_130 = c_130+1 ;
alter table gcs_many_column add column(c_1 int,c_2 int,c_3 int,c_4 int,c_5 int,c_6 int);
update gcs_many_column set c_1 = c_130 ;
select count(c_130),count(c_1) from gcs_many_column ;
count(c_130)	count(c_1)
256	256
drop table gcs_tb_1;
drop table gcs_tb_2;
drop table gcs_many_column;
drop table compact_many_column_normal;
