create table tt(
id int primary key not null auto_increment,
c1 int not null default 1,
c2 varchar(10),
c3 varchar(100),
c4 char(10),
key idx_c1 (c1),
key idx_com( c2, c3)) engine = innodb;
show create table tt;
Table	Create Table
tt	CREATE TABLE `tt` (
  `id` int(11) NOT NULL AUTO_INCREMENT,
  `c1` int(11) NOT NULL DEFAULT '1',
  `c2` varchar(10) DEFAULT NULL,
  `c3` varchar(100) DEFAULT NULL,
  `c4` char(10) DEFAULT NULL,
  PRIMARY KEY (`id`),
  KEY `idx_c1` (`c1`),
  KEY `idx_com` (`c2`,`c3`)
) ENGINE=InnoDB DEFAULT CHARSET=latin1
insert into tt set id=1,c1=11,c2='felix',c3='liang',c4='test';
select * from tt;
id	c1	c2	c3	c4
1	11	felix	liang	test
alter table tt change c4 cc4 char(10);
affected rows: 0
info: Records: 0  Duplicates: 0  Warnings: 0
show create table tt;
Table	Create Table
tt	CREATE TABLE `tt` (
  `id` int(11) NOT NULL AUTO_INCREMENT,
  `c1` int(11) NOT NULL DEFAULT '1',
  `c2` varchar(10) DEFAULT NULL,
  `c3` varchar(100) DEFAULT NULL,
  `cc4` char(10) DEFAULT NULL,
  PRIMARY KEY (`id`),
  KEY `idx_c1` (`c1`),
  KEY `idx_com` (`c2`,`c3`)
) ENGINE=InnoDB AUTO_INCREMENT=2 DEFAULT CHARSET=latin1
affected rows: 1
select * from tt;
id	c1	c2	c3	cc4
1	11	felix	liang	test
affected rows: 1
alter table tt change id new_id int not null auto_increment;
affected rows: 0
info: Records: 0  Duplicates: 0  Warnings: 0
show create table tt;
Table	Create Table
tt	CREATE TABLE `tt` (
  `new_id` int(11) NOT NULL AUTO_INCREMENT,
  `c1` int(11) NOT NULL DEFAULT '1',
  `c2` varchar(10) DEFAULT NULL,
  `c3` varchar(100) DEFAULT NULL,
  `cc4` char(10) DEFAULT NULL,
  PRIMARY KEY (`new_id`),
  KEY `idx_c1` (`c1`),
  KEY `idx_com` (`c2`,`c3`)
) ENGINE=InnoDB AUTO_INCREMENT=2 DEFAULT CHARSET=latin1
affected rows: 1
select * from tt;
new_id	c1	c2	c3	cc4
1	11	felix	liang	test
affected rows: 1
alter table tt change c3 cc3 varchar(100);
affected rows: 0
info: Records: 0  Duplicates: 0  Warnings: 0
show create table tt;
Table	Create Table
tt	CREATE TABLE `tt` (
  `new_id` int(11) NOT NULL AUTO_INCREMENT,
  `c1` int(11) NOT NULL DEFAULT '1',
  `c2` varchar(10) DEFAULT NULL,
  `cc3` varchar(100) DEFAULT NULL,
  `cc4` char(10) DEFAULT NULL,
  PRIMARY KEY (`new_id`),
  KEY `idx_c1` (`c1`),
  KEY `idx_com` (`c2`,`cc3`)
) ENGINE=InnoDB AUTO_INCREMENT=2 DEFAULT CHARSET=latin1
affected rows: 1
select * from tt;
new_id	c1	c2	cc3	cc4
1	11	felix	liang	test
affected rows: 1
alter table tt change c2 cc2 varchar(10), change cc3 c3 varchar(100), change cc4 c4 char(10);
affected rows: 0
info: Records: 0  Duplicates: 0  Warnings: 0
show create table tt;
Table	Create Table
tt	CREATE TABLE `tt` (
  `new_id` int(11) NOT NULL AUTO_INCREMENT,
  `c1` int(11) NOT NULL DEFAULT '1',
  `cc2` varchar(10) DEFAULT NULL,
  `c3` varchar(100) DEFAULT NULL,
  `c4` char(10) DEFAULT NULL,
  PRIMARY KEY (`new_id`),
  KEY `idx_c1` (`c1`),
  KEY `idx_com` (`cc2`,`c3`)
) ENGINE=InnoDB AUTO_INCREMENT=2 DEFAULT CHARSET=latin1
affected rows: 1
select * from tt;
new_id	c1	cc2	c3	c4
1	11	felix	liang	test
affected rows: 1
alter table tt add column b1 blob compressed;
affected rows: 0
info: Records: 0  Duplicates: 0  Warnings: 0
alter table tt change column b1 bb1 blob compressed;
affected rows: 0
info: Records: 0  Duplicates: 0  Warnings: 0
show create table tt;
Table	Create Table
tt	CREATE TABLE `tt` (
  `new_id` int(11) NOT NULL AUTO_INCREMENT,
  `c1` int(11) NOT NULL DEFAULT '1',
  `cc2` varchar(10) DEFAULT NULL,
  `c3` varchar(100) DEFAULT NULL,
  `c4` char(10) DEFAULT NULL,
  `bb1` blob /*!99104 COMPRESSED */,
  PRIMARY KEY (`new_id`),
  KEY `idx_c1` (`c1`),
  KEY `idx_com` (`cc2`,`c3`)
) ENGINE=InnoDB AUTO_INCREMENT=2 DEFAULT CHARSET=latin1
affected rows: 1
alter table tt change column bb1 b1 blob;
affected rows: 1
info: Records: 1  Duplicates: 0  Warnings: 0
show create table tt;
Table	Create Table
tt	CREATE TABLE `tt` (
  `new_id` int(11) NOT NULL AUTO_INCREMENT,
  `c1` int(11) NOT NULL DEFAULT '1',
  `cc2` varchar(10) DEFAULT NULL,
  `c3` varchar(100) DEFAULT NULL,
  `c4` char(10) DEFAULT NULL,
  `b1` blob,
  PRIMARY KEY (`new_id`),
  KEY `idx_c1` (`c1`),
  KEY `idx_com` (`cc2`,`c3`)
) ENGINE=InnoDB AUTO_INCREMENT=2 DEFAULT CHARSET=latin1
affected rows: 1
alter table tt change new_id id int not null;
affected rows: 1
info: Records: 1  Duplicates: 0  Warnings: 0
show create table tt;
Table	Create Table
tt	CREATE TABLE `tt` (
  `id` int(11) NOT NULL,
  `c1` int(11) NOT NULL DEFAULT '1',
  `cc2` varchar(10) DEFAULT NULL,
  `c3` varchar(100) DEFAULT NULL,
  `c4` char(10) DEFAULT NULL,
  `b1` blob,
  PRIMARY KEY (`id`),
  KEY `idx_c1` (`c1`),
  KEY `idx_com` (`cc2`,`c3`)
) ENGINE=InnoDB DEFAULT CHARSET=latin1
affected rows: 1
insert into tt set id=2, cc2 ='2cc2', c3='2felix2', c4='2liang2', b1='2b1';
affected rows: 1
alter table tt change c1 cc1 int not null default 100;
affected rows: 0
info: Records: 0  Duplicates: 0  Warnings: 0
insert into tt set id=3, cc2 ='3cc2', c3='3felix3', c4='3liang3', b1='3b1';
affected rows: 1
select * from tt;
id	cc1	cc2	c3	c4	b1
1	11	felix	liang	test	NULL
2	1	2cc2	2felix2	2liang2	2b1
3	100	3cc2	3felix3	3liang3	3b1
affected rows: 3
alter table tt add column c6 int, change column cc2 c2 varchar(10);
affected rows: 3
info: Records: 3  Duplicates: 0  Warnings: 0
alter table tt change column c3 cc3 varchar(10) collate utf8_bin;
affected rows: 3
info: Records: 3  Duplicates: 0  Warnings: 0
show create table tt;
Table	Create Table
tt	CREATE TABLE `tt` (
  `id` int(11) NOT NULL,
  `cc1` int(11) NOT NULL DEFAULT '100',
  `c2` varchar(10) DEFAULT NULL,
  `cc3` varchar(10) CHARACTER SET utf8 COLLATE utf8_bin DEFAULT NULL,
  `c4` char(10) DEFAULT NULL,
  `b1` blob,
  `c6` int(11) DEFAULT NULL,
  PRIMARY KEY (`id`),
  KEY `idx_c1` (`cc1`),
  KEY `idx_com` (`c2`,`cc3`)
) ENGINE=InnoDB DEFAULT CHARSET=latin1
affected rows: 1
CREATE TABLE `parent` (
`id` int(11) NOT NULL,
`name` varchar(10) DEFAULT NULL,
PRIMARY KEY (`id`)
) ENGINE=InnoDB DEFAULT CHARSET=latin1;
CREATE TABLE `child` (
`id` int(11) NOT NULL,
`pid` int(11) DEFAULT NULL,
`name` varchar(10) DEFAULT NULL,
PRIMARY KEY (`id`),
KEY `c1` (`pid`),
CONSTRAINT `c1` FOREIGN KEY (`pid`) REFERENCES `parent` (`id`)
) ENGINE=InnoDB DEFAULT CHARSET=latin1;
alter table parent change column id pid int not null;
show create table parent;
Table	Create Table
parent	CREATE TABLE `parent` (
  `id` int(11) NOT NULL,
  `name` varchar(10) DEFAULT NULL,
  PRIMARY KEY (`id`)
) ENGINE=InnoDB DEFAULT CHARSET=latin1
affected rows: 1
alter table child change pid ppid int;
show create table child;
Table	Create Table
child	CREATE TABLE `child` (
  `id` int(11) NOT NULL,
  `pid` int(11) DEFAULT NULL,
  `name` varchar(10) DEFAULT NULL,
  PRIMARY KEY (`id`),
  KEY `c1` (`pid`),
  CONSTRAINT `c1` FOREIGN KEY (`pid`) REFERENCES `parent` (`id`)
) ENGINE=InnoDB DEFAULT CHARSET=latin1
affected rows: 1
insert into parent set id=1,name='felix';
affected rows: 1
insert into child set id=40,pid=1,name='cherry';
affected rows: 1
select id, name from parent;
id	name
1	felix
affected rows: 1
select id, pid, name from child;
id	pid	name
40	1	cherry
affected rows: 1
CREATE TABLE `p1` (
`id` int(11) NOT NULL AUTO_INCREMENT,
`created` datetime NOT NULL DEFAULT '0000-00-00 00:00:00',
`a` int(11) DEFAULT NULL,
`b` varchar(10),
`c` char(10),
key idx_com(b,c),
PRIMARY KEY (`id`,`created`)
) ENGINE=InnoDB AUTO_INCREMENT=3 DEFAULT CHARSET=latin1
/*!50100 PARTITION BY RANGE (TO_DAYS(created))
(PARTITION sub_p1 VALUES LESS THAN (733773) ENGINE = InnoDB,
PARTITION sub_p2 VALUES LESS THAN (734138) ENGINE = InnoDB,
PARTITION sub_p3 VALUES LESS THAN (734503) ENGINE = InnoDB,
PARTITION sub_p4 VALUES LESS THAN (734868) ENGINE = InnoDB,
PARTITION sub_p5 VALUES LESS THAN (735234) ENGINE = InnoDB,
PARTITION sub_p6 VALUES LESS THAN (9999999999) ENGINE = InnoDB) */;
insert into p1 set id=1,created='2013-1-1',a=1,b='felix',c='liang';
alter table p1 change id new_id int(11) NOT NULL auto_increment;
affected rows: 0
info: Records: 0  Duplicates: 0  Warnings: 0
alter table p1 change a aaa int, change b bbb varchar(10), change c ccc char(10);
affected rows: 0
info: Records: 0  Duplicates: 0  Warnings: 0
show create table p1;
Table	Create Table
p1	CREATE TABLE `p1` (
  `new_id` int(11) NOT NULL AUTO_INCREMENT,
  `created` datetime NOT NULL DEFAULT '0000-00-00 00:00:00',
  `aaa` int(11) DEFAULT NULL,
  `bbb` varchar(10) DEFAULT NULL,
  `ccc` char(10) DEFAULT NULL,
  PRIMARY KEY (`new_id`,`created`),
  KEY `idx_com` (`bbb`,`ccc`)
) ENGINE=InnoDB AUTO_INCREMENT=3 DEFAULT CHARSET=latin1
/*!50100 PARTITION BY RANGE (TO_DAYS(created))
(PARTITION sub_p1 VALUES LESS THAN (733773) ENGINE = InnoDB,
 PARTITION sub_p2 VALUES LESS THAN (734138) ENGINE = InnoDB,
 PARTITION sub_p3 VALUES LESS THAN (734503) ENGINE = InnoDB,
 PARTITION sub_p4 VALUES LESS THAN (734868) ENGINE = InnoDB,
 PARTITION sub_p5 VALUES LESS THAN (735234) ENGINE = InnoDB,
 PARTITION sub_p6 VALUES LESS THAN (9999999999) ENGINE = InnoDB) */
affected rows: 1
alter table p1 change created create_time datetime NOT NULL;
ERROR 42S22: Unknown column 'created' in 'partition function'
drop table tt;
drop table child;
drop table parent;
drop table p1;
